,City,Cloudiness,Country,Date,Humidity,Lat,Lng,Max Temp,Wind Speed
0,Panguna,64,PG,1552023841,86,-6.32,155.48,27.62,1.51
1,Yellowknife,5,CA,1552023546,84,62.45,-114.38,-16.67,2.1
2,Vaini,0,IN,1552021200,15,15.34,74.49,32,3.1
3,Albany,20,US,1552023660,56,42.65,-73.75,-8.89,1.5
4,Prince George,1,CA,1552023619,92,53.92,-122.75,-4.44,0.91
5,Port Alfred,92,ZA,1552023646,96,-33.59,26.89,17.22,0.89
6,Vranje,0,RS,1552023374,93,42.55,21.9,9.44,0.5
7,Mahebourg,40,MU,1552023243,66,-20.41,57.7,30,1.5
8,Ushuaia,24,AR,1552023843,100,-54.81,-68.31,-1.51,1.36
9,Chokurdakh,56,RU,1552023843,77,70.62,147.9,-24.56,1.36
10,Kapuskasing,5,CA,1552021200,78,49.42,-82.43,-12,6.7
11,Cabo San Lucas,5,MX,1552023317,29,22.89,-109.91,25,4.6
12,Chumikan,80,RU,1552023844,70,54.72,135.31,-1.01,2.01
13,Georgetown,20,GY,1552021200,100,6.8,-58.16,23,3.16
14,Nadym,36,RU,1552023845,85,65.53,72.51,-13.01,7.66
15,Longyearbyen,0,NO,1552022400,64,78.22,15.63,-19,2.6
16,Carnarvon,0,ZA,1552023845,72,-30.97,22.13,14.64,6.96
17,Punta Arenas,20,CL,1552023791,70,-53.16,-70.91,7,8.7
18,San Quintin,20,PH,1552023846,48,17.54,120.52,30.84,2.71
19,Luanda,75,AO,1552021200,83,-8.83,13.24,27,1
20,Romny,56,UA,1552023846,90,50.74,33.49,2.74,8.36
21,Hamilton,75,BM,1552023569,62,32.3,-64.78,15,5.1
22,Lebu,88,ET,1552023847,73,8.96,38.73,15.39,1.21
23,Tessalit,0,ML,1552023847,30,20.2,1.01,10.54,2.76
24,Hermanus,80,ZA,1552023084,95,-34.42,19.24,16.11,0.45
25,Naze,0,NG,1552023848,93,5.43,7.07,22.79,1.86
26,Sangar,56,RU,1552023848,58,63.92,127.47,-11.94,3.01
27,Butaritari,88,KI,1552023848,100,3.07,172.79,27.79,5.46
28,Constitucion,0,MX,1552023615,29,23.99,-104.67,16.11,3.58
29,Atuona,64,PF,1552023849,97,-9.8,-139.03,28.44,7.61
30,Saskylakh,24,RU,1552023849,74,71.97,114.09,-21.79,3.91
31,Vitim,80,RU,1552023849,59,59.44,112.57,-7.61,3.56
32,Huicungo,32,PE,1552023849,94,-7.28,-76.8,22.84,0.46
33,Cayenne,0,GF,1552023000,94,4.94,-52.33,22,0.5
34,Salinopolis,68,BR,1552023850,100,-0.61,-47.36,25.22,2.26
35,Carballo,40,ES,1552023510,93,43.21,-8.69,9.44,1.11
36,Mar del Plata,0,AR,1552023719,100,-46.43,-67.52,5.19,0.71
37,Arraial do Cabo,12,BR,1552023850,89,-22.97,-42.02,26.72,6.26
38,Saint-Pierre,40,FR,1552023725,93,48.95,4.24,6,6.2
39,Narsaq,68,GL,1552023851,78,60.91,-46.05,-3.71,6.81
40,Liepaja,68,LV,1552020600,87,56.52,21.02,6,5.1
41,Usinsk,76,RU,1552023852,87,66,57.56,-8.94,6.06
42,Copperas Cove,1,US,1552023590,82,31.12,-97.9,18.33,2.6
43,Nacimiento,8,CL,1552023852,89,-37.5,-72.67,10.49,4.21
44,Lundazi,92,ZM,1552023853,87,-12.29,33.17,20.12,2.31
45,Clyde River,90,CA,1552021200,83,70.47,-68.59,-20,9.3
46,Saldanha,12,PT,1552023853,83,41.42,-6.55,-1.54,1.21
47,Acapulco,5,MX,1552020360,94,16.86,-99.88,26,1.86
48,Busselton,48,AU,1552023615,36,-33.64,115.35,28.33,1.66
49,Jamestown,12,AU,1552023854,32,-33.21,138.6,26.29,2.91
50,Rikitea,44,PF,1552023855,100,-23.12,-134.97,26.69,7.06
51,Victoria,75,BN,1552021200,74,5.28,115.24,30,1.5
52,Kruisfontein,100,ZA,1552023856,100,-34,24.73,18.32,6.01
53,Kavieng,76,PG,1552023856,100,-2.57,150.8,27.74,1.11
54,Faanui,92,PF,1552023856,97,-16.48,-151.75,29.37,8.61
55,Roald,40,NO,1552023076,92,62.58,6.12,0,2.6
56,Tuktoyaktuk,90,CA,1552021200,92,69.44,-133.03,-7,3.6
57,Barrow,8,AR,1552023857,73,-38.31,-60.23,15.07,7.01
58,Tasiilaq,0,GL,1552020600,49,65.61,-37.64,-4,7.2
59,Bredasdorp,88,ZA,1552023084,87,-34.53,20.04,15,1.5
60,Bure,12,NG,1552023858,32,10.52,10.33,19.87,2.86
61,Nanortalik,88,GL,1552023858,95,60.14,-45.24,-0.56,8.86
62,East London,40,ZA,1552021200,94,-33.02,27.91,20,6.7
63,Tarakan,75,ID,1552021200,70,3.3,117.63,30,1
64,Provideniya,68,RU,1552023859,100,64.42,-173.23,-4.29,12.31
65,Luderitz,0,NA,1552023859,79,-26.65,15.16,17.09,8.76
66,Touros,40,BR,1552021200,94,-5.2,-35.46,25,1.5
67,Kwekwe,0,ZW,1552023859,81,-18.93,29.81,19.39,3.41
68,Fortuna,0,ES,1552023811,57,38.18,-1.13,10,1
69,Mataura,8,NZ,1552023605,66,-46.19,168.86,15.56,2.24
70,Airai,92,TL,1552023860,96,-8.93,125.41,20.89,1.06
71,Aksu,90,KZ,1552023000,79,52.04,76.93,-4,5
72,Cape Town,20,ZA,1552023752,67,-33.93,18.42,17.22,9.8
73,Sobolevo,64,RU,1552023861,93,54.43,31.9,6.07,7.91
74,Hella,32,IS,1552023010,78,63.84,-20.4,-5,15.01
75,Kapaa,90,US,1552023810,83,22.08,-159.32,23,9.8
76,Ribeira Grande,92,PT,1552023861,94,38.52,-28.7,16.44,7.46
77,Hasaki,20,JP,1552023276,37,35.73,140.83,13.89,4.1
78,Seydi,8,NE,1552023862,30,13.34,7.75,19.09,4.01
79,Ancud,0,CL,1552021200,87,-41.87,-73.83,6,3.6
80,Hilo,90,US,1552023619,73,19.71,-155.08,22.22,3.6
81,Aykhal,76,RU,1552023862,70,65.95,111.51,-11.21,3.91
82,Kodiak,90,US,1552023820,95,39.95,-94.76,2.22,4.6
83,Kimbe,88,PG,1552023863,100,-5.56,150.15,24.79,0.76
84,Malumfashi,56,NG,1552023863,58,11.79,7.62,16.97,1.31
85,Hunchun,0,CN,1552023863,40,42.86,130.36,10.79,1.36
86,Thompson,20,CA,1552021200,60,55.74,-97.86,-12,1
87,Dhekiajuli,44,IN,1552023864,53,26.71,92.48,16.97,0.91
88,Bonawon,40,PH,1552021200,62,9.13,122.92,30,4.1
89,Ijui,12,BR,1552023864,81,-28.39,-53.91,23.12,5.61
90,Maroantsetra,12,MG,1552023864,96,-15.43,49.74,25.74,1.21
91,Ilulissat,0,GL,1552020600,41,69.22,-51.1,-4,15.4
92,Merta,0,IN,1552023865,39,26.65,74.03,27.34,1.86
93,Severo-Kurilsk,44,RU,1552023865,100,50.68,156.12,-2.31,5.61
94,Lerik,90,AZ,1552021200,87,38.78,48.42,8,1.11
95,Saint-Philippe,1,CA,1552023658,56,45.36,-73.48,-10,5.7
96,Zhigansk,36,RU,1552023866,59,66.77,123.37,-11.94,1.61
97,Cidreira,20,BR,1552023866,89,-30.17,-50.22,23.09,2.41
98,New Norfolk,75,AU,1552023439,77,-42.78,147.06,15,9.8
99,Bluff,88,AU,1552023867,54,-23.58,149.07,29.34,7.36
100,Mahon,75,IE,1552023354,100,51.89,-8.4,7.78,2.6
101,Storsteinnes,40,NO,1552022400,76,69.24,19.23,-13,5.7
102,Flinders,0,AU,1552023860,48,-34.58,150.85,30,7.2
103,Svetlaya,0,RU,1552023868,73,46.54,138.33,1.87,5.11
104,Sechura,24,PE,1552023868,90,-5.56,-80.82,23.44,2.11
105,Qaanaaq,0,GL,1552023603,93,77.48,-69.36,-24.66,2.76
106,Trelew,0,AR,1552023868,81,-43.25,-65.31,5.04,0.86
107,Dali,0,CN,1552023869,54,25.6,100.24,15.37,2.76
108,Waipawa,80,NZ,1552023256,77,-39.94,176.59,18.89,5.16
109,Dewas,20,IN,1552021200,30,22.96,76.05,28,2.1
110,Solnechnyy,12,RU,1552023869,73,50.72,136.64,-0.19,2.41
111,Ambon,0,FR,1552023867,93,47.55,-2.56,8.89,2.1
112,Lavrentiya,76,RU,1552023870,93,65.58,-170.99,-4.81,11.56
113,Loa Janan,76,ID,1552023870,56,-0.58,117.09,32.24,1.11
114,Avarua,92,CK,1552023000,78,-21.21,-159.78,27,2.6
115,Middelburg,92,ZA,1552023871,95,-25.77,29.46,17.22,1.81
116,Trairi,36,BR,1552023871,100,-3.28,-39.27,27.14,2.46
117,Los Llanos de Aridane,75,ES,1552021200,77,28.66,-17.92,18,7.7
118,Castro,0,CL,1552021200,87,-42.48,-73.76,6,3.6
119,Retz,0,AT,1552023866,70,48.76,15.95,11,4.6
120,Upernavik,32,GL,1552023872,100,72.79,-56.15,-12.39,6.16
121,Senanga,32,ZM,1552023873,74,-16.1,23.3,21.89,3.76
122,Deputatskiy,32,RU,1552023873,86,69.3,139.9,-14.91,1.21
123,Todos Santos,5,MX,1552023619,29,23.45,-110.23,25,4.6
124,Borogontsy,56,RU,1552023873,65,62.67,131.17,-10.91,2.66
125,Necochea,68,AR,1552023674,70,-38.55,-58.74,15.56,2.68
126,Ballina,88,IE,1552023784,88,54.11,-9.15,7.78,2.68
127,Linxia,76,CN,1552023874,68,35.6,103.21,-0.51,1.51
128,Caetite,0,BR,1552023874,92,-14.07,-42.48,19.94,3.66
129,Sanghar,40,PK,1552021200,72,28.18,68.31,19,3.1
130,San Policarpo,64,PH,1552023875,100,12.18,125.51,24.59,1.61
131,Turayf,0,SA,1552021200,86,31.68,38.65,5,4.1
132,Paamiut,80,GL,1552023875,86,61.99,-49.67,0.47,2.76
133,Khorixas,0,NA,1552023876,64,-20.37,14.96,15.84,1.06
134,Tetouan,56,MA,1552021200,76,35.57,-5.37,13,2.6
135,Pimentel,56,BR,1552023876,93,-3.7,-45.5,23.22,1.36
136,Hobart,75,AU,1552023439,77,-42.88,147.33,15,9.8
137,Saint George,0,GR,1552023796,81,39.45,22.34,9.44,2.1
138,Griffith,80,AU,1552021200,19,-34.29,146.06,33,3.6
139,Tilichiki,0,RU,1552023878,86,60.47,166.1,-10.54,1.81
140,Kibala,20,TD,1552023878,57,9.11,18.35,23.79,1.51
141,Sabang,92,PH,1552023878,95,13.72,123.58,24.97,3.36
142,San Luis,75,AR,1552022100,60,-33.3,-66.34,20,12.9
143,Djambala,48,CG,1552023880,92,-2.55,14.76,22.04,1.86
144,Auki,36,NG,1552023880,90,12.18,6.51,18.54,1.06
145,Camacha,40,PT,1552021200,72,33.08,-16.33,16,6.7
146,Alofi,20,NU,1552021200,74,-19.06,-169.92,28,5.1
147,Teguise,76,ES,1552021200,82,29.06,-13.56,18,5.7
148,Torbay,75,CA,1552023815,72,47.66,-52.73,-10.57,9.3
149,Vanimo,0,PG,1552023881,100,-2.67,141.3,28.39,1.96
150,Khatanga,20,RU,1552023881,71,71.98,102.47,-19.19,1.16
151,Port Elizabeth,1,US,1552023869,73,39.31,-74.98,-0.57,1.5
152,Atar,0,MR,1552023882,52,20.52,-13.05,13.69,4.66
153,Vestmanna,68,FO,1552022400,74,62.16,-7.17,-2,0.5
154,Tagnanan,40,PH,1552021200,49,7.26,125.86,33,4.6
155,Westport,80,IE,1552023784,86,53.8,-9.52,7.78,4.66
156,Bushehr,0,IR,1552021200,67,28.97,50.84,19,2.1
157,Esso,80,RU,1552023883,87,55.93,158.7,-7.36,1.16
158,Zavodouspenskoye,0,RU,1552023000,61,56.86,65.02,-8,7
159,Port Hedland,0,AU,1552023000,53,-20.31,118.58,36,9.3
160,Puerto Ayora,68,EC,1552023884,100,-0.74,-90.35,25.69,5.86
161,Vadso,20,NO,1552022400,84,70.07,29.75,-11,2.6
162,Kholtoson,0,RU,1552023884,59,50.3,103.31,-3.61,1.61
163,Conceicao do Araguaia,20,BR,1552023885,92,-8.26,-49.26,23.32,1.36
164,Tuatapere,24,NZ,1552023605,66,-46.13,167.69,15.56,2.24
165,Chilca,75,PE,1552023654,71,-13.22,-72.34,12,2.6
166,Yaring,20,TH,1552021200,66,6.87,101.37,30,3.6
167,Mujiayingzi,20,CN,1552023886,51,42.12,118.78,10.34,3.46
168,Springbok,0,ZA,1552023886,85,-29.67,17.88,11.79,1.21
169,Murray,90,US,1552023617,93,40.67,-111.89,7.22,3.1
170,Cherskiy,44,RU,1552023782,69,68.75,161.3,-18.76,0.71
171,Clarence Town,44,AU,1552023629,54,-32.59,151.78,31.67,6.7
172,Kurilsk,32,RU,1552023887,99,45.23,147.88,-4.56,7.91
173,Sorland,0,NO,1552020600,73,67.67,12.69,-7,5.1
174,Victoria Point,40,AU,1552023814,61,-27.58,153.3,30,5.7
175,Ginir,0,ET,1552023887,33,7.14,40.71,23.59,1.86
176,Selikhino,0,RU,1552023888,75,50.37,137.51,-1.36,2.76
177,Olinda,75,EC,1552023175,78,-2.03,-79.75,27,0.5
178,Rivadavia,80,AR,1552023888,86,-31.53,-68.59,17.89,3.91
179,Richards Bay,8,ZA,1552023888,82,-28.77,32.06,24.74,1.51
180,Aklavik,90,CA,1552021200,85,68.22,-135.01,-6,1
181,Lasa,0,CY,1552021200,87,34.92,32.53,10,3.6
182,Margate,75,AU,1552023439,77,-43.03,147.26,15,9.8
183,Kalemie,44,CD,1552023889,100,-5.95,29.2,21.87,2.66
184,Norman Wells,75,CA,1552021200,72,65.28,-126.83,-9,1.5
185,Kieta,76,PG,1552023890,100,-6.22,155.63,25.74,0.66
186,Vardo,1,US,1552023882,50,39.62,-77.74,-1,1.06
187,Lamar,1,US,1552023062,86,38.09,-102.62,-2,4.1
188,Ponta Delgada,75,PT,1552023571,82,37.73,-25.67,16,2.1
189,Spirit River,40,CA,1552023019,77,55.78,-118.84,-17.22,3.1
190,Vostok,0,RU,1552023891,45,46.45,135.83,2.82,2.06
191,Zabol,0,IR,1552021200,42,31.03,61.49,17,1.61
192,Talnakh,88,RU,1552023891,94,69.49,88.39,-2.94,3.81
193,Iqaluit,75,CA,1552023767,76,63.75,-68.52,-21.67,9.8
194,Isangel,75,VU,1552021200,66,-19.55,169.27,30,1.5
195,Shimoda,20,JP,1552023528,34,34.7,138.93,12,2.6
196,Nikolskoye,90,RU,1552023759,93,59.7,30.79,2,6
197,Buraydah,0,SA,1552021200,62,26.33,43.97,13,3.1
198,Nkowakowa,20,ZA,1552023000,77,-23.89,30.29,18,2.1
199,Bathsheba,40,BB,1552021200,78,13.22,-59.52,26,7.7
200,Hofn,68,IS,1552023893,100,64.25,-15.21,-1.31,7.46
201,Pisco,0,PE,1552021200,78,-13.71,-76.2,23,4.6
202,La Mana,75,EC,1552023085,93,-0.93,-79.22,11,2.6
203,Amapa,20,HN,1552021200,83,15.09,-87.97,25,3.1
204,Mount Darwin,8,ZW,1552023894,97,-16.77,31.58,21.09,1.81
205,Jieshou,36,CN,1552023894,54,33.26,115.35,13.59,3.86
206,Pevek,48,RU,1552023895,87,69.7,170.27,-18.11,0.91
207,Gornopravdinsk,80,RU,1552023895,69,60.06,69.92,-7.39,5.56
208,Talcahuano,0,CL,1552021200,82,-36.72,-73.12,13,2.6
209,Sola,40,NO,1552023798,64,58.89,5.65,4,12.9
210,Port Blair,20,IN,1552021200,62,11.67,92.75,30,4.1
211,La Ronge,5,CA,1552021200,70,55.1,-105.3,-20,0.96
212,Moussoro,8,TD,1552023896,21,13.64,16.49,22.22,5.91
213,Kuminskiy,56,RU,1552023897,76,58.67,66.57,-7.79,4.36
214,Skibbereen,75,IE,1552023000,100,51.55,-9.27,4,2.6
215,Sitka,0,US,1552023021,88,37.17,-99.65,-1.67,2.24
216,Erzin,0,TR,1552023893,46,36.95,36.2,11.11,2.6
217,Hithadhoo,0,MV,1552023898,100,-0.6,73.08,28.32,1.51
218,Pajapan,92,MX,1552023898,90,18.26,-94.69,22.29,2.91
219,Haiger,92,DE,1552023857,79,50.74,8.2,7.78,1.79
220,Benxi,0,CN,1552023000,12,41.29,123.76,15,8
221,Payakumbuh,56,ID,1552023899,85,-0.23,100.63,25.74,0.46
222,Port Macquarie,40,AU,1552023845,58,-31.43,152.91,28,6.7
223,Bogorodskoye,24,RU,1552023739,55,52.37,140.44,-0.96,2.86
224,Esperance,20,TT,1552023607,83,10.24,-61.45,25,2.1
225,Turukhansk,88,RU,1552023900,93,65.8,87.96,-1.31,9.86
226,Klaksvik,48,FO,1552022400,74,62.23,-6.59,-2,0.5
227,Alakurtti,64,RU,1552023900,74,66.96,30.34,-16.61,1.06
228,Xuanzhou,8,CN,1552023900,61,30.95,118.78,12.99,7.01
229,Hettstedt,40,DE,1552023814,67,51.65,11.5,8.33,11.3
230,Lorengau,68,PG,1552023901,100,-2.02,147.27,25.79,2.86
231,Jalu,0,LY,1552023902,64,29.03,21.55,9.54,2.01
232,Shingu,20,JP,1552021200,37,33.72,135.99,12,7.2
233,Hambantota,40,LK,1552021800,74,6.12,81.12,31,2.1
234,Oakdale,75,US,1552023617,100,37.77,-120.85,10,2.41
235,Magistralnyy,24,RU,1552023904,54,56.17,107.45,-3.91,2.21
236,Port Lincoln,88,AU,1552023904,71,-34.72,135.86,22.87,1.61
237,Lompoc,92,US,1552023722,93,34.64,-120.46,9.44,3.01
238,Sungaipenuh,20,ID,1552023904,75,-2.08,101.38,25.47,0.61
239,Coruripe,92,BR,1552023905,97,-10.12,-36.18,27.69,4.21
240,Banda Aceh,0,ID,1552023905,63,5.56,95.32,31.39,2.26
241,Cachira,75,CO,1552021200,78,7.74,-73.05,25,1
242,Fort William,56,GB,1552023845,89,56.82,-5.11,-1.11,1.56
243,Yeppoon,75,AU,1552023000,94,-23.13,150.74,25,2.6
244,Lengshuitan,100,CN,1552023906,100,26.41,111.6,9.74,2.26
245,Dunedin,0,NZ,1552023624,65,-45.87,170.5,14.44,4.92
246,Dikson,68,RU,1552023906,95,73.51,80.55,-11.71,4.51
247,Karratha,48,AU,1552023907,25,-20.74,116.85,38.24,4.21
248,Ahuimanu,40,US,1552023789,88,21.44,-157.84,23,5.7
249,Boyolangu,64,ID,1552023907,80,-8.09,111.9,26.47,5.46
250,Etchojoa,12,MX,1552023741,85,26.91,-109.62,20.56,0.89
251,Kaitangata,0,NZ,1552023883,71,-46.28,169.85,14.44,5.81
252,Kosai,20,JP,1552023855,34,34.71,137.53,14.44,5.7
253,Ambulu,88,ID,1552023909,100,-8.35,113.61,27.82,7.41
254,Bethel,90,US,1552020960,74,60.79,-161.76,2,4.6
255,Katsuura,20,JP,1552022684,40,33.93,134.5,11,4.6
256,Providencia,76,CO,1552023910,94,1.24,-77.6,10.74,1.06
257,Panaba,0,MX,1552023911,64,21.28,-88.27,21.59,2.86
258,Russell,75,AR,1552021200,72,-33.01,-68.8,19,4.6
259,Yulara,0,AU,1552021200,9,-25.24,130.99,40,4.1
260,Bay Roberts,75,CA,1552023906,72,47.58,-53.28,-10.57,9.3
261,Galle,75,US,1552023910,93,29.74,-97.91,18.89,5.7
262,Nampula,75,MZ,1552021200,100,-15.12,39.26,24,4.1
263,Areka,8,ET,1552023912,78,7.07,37.71,18.59,1.56
264,Dingle,0,PH,1552023913,39,11,122.67,32.59,5.66
265,Lakselv,0,NO,1552022400,77,70.05,24.96,-18,2.6
266,Lata,8,IN,1552023913,66,30.78,78.62,8.64,0.71
267,Bad Bevensen,75,DE,1552023717,87,53.08,10.57,8,10.3
268,Komsomolskiy,68,RU,1552023913,83,67.55,63.78,-11.06,7.06
269,Yakeshi,44,CN,1552023914,32,49.28,120.73,5.09,4.66
270,Penzance,0,GB,1552023904,81,50.12,-5.53,8.89,2.6
271,Nome,90,US,1552023907,88,30.04,-94.42,20,3.6
272,Edd,12,ER,1552023914,60,13.93,41.69,24.07,1.56
273,Logansport,40,US,1552023911,79,40.75,-86.36,-2,1.5
274,Yumen,0,CN,1552023915,44,40.29,97.04,9.37,4.66
275,Madras,90,US,1552023909,85,44.63,-121.13,-1.11,1.36
276,Oakley,75,US,1552023911,75,38,-121.71,9.44,3.6
277,Ginda,40,IN,1552021200,49,30.69,78.49,20,1.5
278,Matay,0,EG,1552023916,82,28.42,30.79,10.97,4.26
279,Bambous Virieux,40,MU,1552023843,66,-20.34,57.76,30,1.5
280,San Pedro,32,AR,1552023232,96,-33.68,-59.66,20,0.89
281,Sompeta,0,IN,1552023918,59,18.93,84.6,30.09,1.86
282,Jicin,0,CZ,1552023801,70,50.44,15.35,7.78,4.1
283,Ingham,76,AU,1552023919,100,-18.65,146.16,25.87,2.91
284,Vestmannaeyjar,32,IS,1552023919,99,63.44,-20.27,1.94,15.01
285,San Patricio,48,PY,1552023920,80,-26.98,-56.83,26.04,2.91
286,Cabedelo,75,BR,1552022520,94,-6.97,-34.84,25,2.6
287,Hirtshals,92,DK,1552023921,98,57.59,9.96,5.09,7.26
288,Port-Gentil,40,GA,1552021200,94,-0.72,8.78,26,1
289,Seidu,68,NG,1552023921,91,8.32,4.47,24.32,3.66
290,Sapozhok,88,RU,1552023654,60,53.94,40.68,-3.33,2.68
291,Dolgorukovo,80,RU,1552023922,94,52.32,38.35,-0.81,7.46
292,Pacific Grove,90,US,1552023921,87,36.62,-121.92,9.44,2.1
293,Formosa,0,AR,1552021200,88,-26.19,-58.17,24,3.6
294,Nouadhibou,0,MR,1552023922,79,20.93,-17.03,16.97,8.81
295,Kumluca,0,TR,1552023923,61,36.37,30.29,1.54,0.66
296,Natal,40,BR,1552021200,88,-5.81,-35.21,26,2.1
297,Almeirim,75,PT,1552023911,81,39.21,-8.63,13,5.1
298,Camargo,56,MX,1552023923,25,27.69,-105.17,16.82,3.16
299,Qaqortoq,56,GL,1552023924,81,60.72,-46.03,0.44,12.16
300,Codrington,90,AU,1552023862,69,-28.95,153.24,27.22,4.6
301,Haines Junction,0,CA,1552023924,57,60.75,-137.51,-22.64,0.91
302,Derzhavinsk,80,KZ,1552023924,100,51.1,66.31,-1.19,4.91
303,Linfen,76,CN,1552023925,56,36.09,111.52,6.82,1.16
304,San Jeronimo,68,PE,1552023925,98,-13.65,-73.37,3.37,0.41
305,Monrovia,20,LR,1552021200,94,6.33,-10.8,23,1.76
306,Eyl,76,SO,1552023925,93,7.98,49.82,25.32,5.81
307,Bisira,0,PA,1552023926,71,8.52,-81.71,22.64,3.31
308,Fort Nelson,5,CA,1552021200,78,58.81,-122.69,-12,1
309,Divo,0,CI,1552023926,95,5.83,-5.36,23.49,3.11
310,Guapiles,0,CR,1552023561,68,10.22,-83.79,21,6.7
311,Arsenyev,0,RU,1552023927,28,44.16,133.27,7.74,2.41
312,Chanika,24,MW,1552023927,96,-12.93,34.19,23.22,1.96
313,Tigre,90,AR,1552023902,88,-34.42,-58.58,21,1.5
314,Rocha,100,UY,1552023927,98,-34.48,-54.34,19.79,2.06
315,Matagami,48,NG,1552023928,84,9.67,8.4,17.64,1.21
316,Riyadh,0,SA,1552021200,30,24.63,46.72,15,2.6
317,Chuy,88,UY,1552023928,100,-33.69,-53.46,20.94,5.26
318,Wanning,75,AT,1552023917,75,48.64,13.53,7.22,3.1
319,Soc Trang,40,VN,1552023000,46,9.6,105.98,33,1.5
320,Ibra,0,OM,1552023929,56,22.69,58.55,20.54,1.51
321,Stokmarknes,0,NO,1552023915,62,68.56,14.91,-3,4.6
322,Abha,40,SA,1552021200,71,18.22,42.5,15,6.2
323,Beloyarskiy,0,RU,1552023930,62,63.71,66.67,-8.01,5.11
324,Guerrero Negro,92,MX,1552023930,100,27.97,-114.04,14.97,3.76
325,Goderich,12,CA,1552023906,85,43.74,-81.71,-11.11,2.68
326,Marsh Harbour,56,BS,1552023930,100,26.54,-77.06,21.47,7.16
327,Belyy Yar,0,RU,1552023000,46,53.6,91.39,-1,2
328,Stromness,20,CA,1552023925,77,42.87,-79.55,-10.57,2.1
329,Saint-Georges,32,CA,1552023930,69,46.12,-70.67,-12.22,1.34
330,Simao,92,CN,1552023932,83,22.76,100.79,18.32,1.36
331,Kiruna,0,SE,1552022400,78,67.86,20.23,-13,2.6
332,Peoria,90,US,1552023793,86,40.69,-89.59,-2,2.6
333,Havoysund,40,NO,1552022400,79,71,24.66,-7,1.5
334,Panalingaan,32,PH,1552023932,68,8.78,117.42,29.99,3.16
335,Buala,44,SB,1552023933,96,-8.15,159.59,28.12,2.31
336,Pedernales,88,EC,1552023933,98,0.07,-80.05,22.97,1.51
337,Miri,12,NG,1552023933,56,10.31,9.75,16.32,1.41
338,Nago,8,IT,1552023905,93,45.88,10.89,9.44,1.5
339,Mount Isa,0,AU,1552023000,23,-20.73,139.49,37,6.7
340,Turtas,0,RU,1552023934,60,58.94,69.13,-6.36,4.51
341,Mildura,88,AU,1552023044,8,-34.18,142.16,31.67,2.1
342,Coolum Beach,92,AU,1552023930,65,-26.53,153.09,27.78,0.89
343,Kodinar,0,IN,1552023935,33,20.79,70.7,30.54,2.91
344,Makakilo City,20,US,1552023928,60,21.35,-158.09,23,3.6
345,Jardim,64,BR,1552023935,64,-21.48,-56.15,27.37,4.81
346,Praia,0,BR,1552021200,77,-20.25,-43.81,21,2.1
347,Porbandar,40,IN,1552023000,54,21.64,69.61,27,6.2
348,Namatanai,20,PG,1552023936,100,-3.66,152.44,27.57,0.66
349,Chitral,12,PK,1552023936,81,35.85,71.79,-12.06,0.46
350,Srandakan,92,ID,1552023936,85,-7.94,110.25,26.79,1.96
351,Epanomi,75,GR,1552023934,100,40.43,22.93,11.11,2.6
352,Berlevag,40,NO,1552020600,85,70.86,29.09,-9,5.7
353,Hualmay,0,PE,1552023937,91,-11.1,-77.61,19.94,1.41
354,Ilek,0,RU,1552023937,71,51.53,53.38,-11.46,1.36
355,Craig,75,US,1552023480,80,40.52,-107.55,1,3.1
356,San Carlos,0,VE,1552023938,69,9.66,-68.59,25.34,4.36
357,Las Vegas,90,US,1552023636,47,36.17,-115.15,14.44,2.86
358,Dryden,24,CA,1552023939,75,49.79,-92.84,-15.31,2.66
359,Tiznit,8,MA,1552023797,91,29.7,-9.73,12.12,4.36
360,Poum,80,MK,1552023939,73,41.28,20.71,-0.06,0.76
361,Kawambwa,24,ZM,1552023940,86,-9.8,29.07,22.04,1.11
362,Awjilah,0,LY,1552023940,57,29.14,21.3,10.64,3.21
363,Chapais,40,CA,1552021200,77,49.78,-74.86,-18,3.1
364,Faya,40,SA,1552021200,71,18.39,42.45,15,6.2
365,Nishihara,20,JP,1552023903,29,35.74,139.53,14.44,7.7
366,San Pedro de Tutule,40,HN,1552021080,83,14.25,-87.86,22,6.2
367,Mahajanga,20,MG,1552021200,69,-15.72,46.32,28,1
368,Ketchikan,1,US,1552020960,69,55.34,-131.65,1,2.6
369,Naini Tal,0,IN,1552023942,58,29.4,79.45,20.34,1.31
370,Skagen,88,SE,1552023926,93,58.6,13.44,5,5.1
371,Cockburn Town,92,TC,1552023942,100,21.46,-71.14,23.49,7.96
372,Koslan,88,RU,1552023942,79,63.46,48.9,-6.36,2.46
373,Suez,20,EG,1552023942,90,29.97,32.54,11.24,1.61
374,Yerbogachen,92,RU,1552023943,69,61.28,108.01,-6.14,4.66
375,Changping,0,CN,1552023844,17,40.22,116.23,14.44,5
376,Yanam,40,IN,1552023000,52,16.73,82.22,33,4.6
377,Chik,0,RU,1552023000,68,54.99,82.44,-2,7
378,Itarema,32,BR,1552023944,95,-2.92,-39.92,23.12,1.61
379,Celestun,0,MX,1552023944,94,20.87,-90.4,25.79,9.76
380,Niamtougou,12,TG,1552023944,90,9.77,1.11,20.22,1.21
381,Yuzhnyy,92,RU,1552023944,91,53.54,39.45,-3.01,8.76
382,Leshukonskoye,64,RU,1552023945,79,64.9,45.76,-6.31,2.06
383,Carauari,12,BR,1552023945,91,-4.88,-66.9,25.69,0.91
384,Carutapera,92,BR,1552023945,97,-1.2,-46.02,23.74,1.31
385,Shenkursk,92,RU,1552023945,83,62.11,42.91,-3.19,3.36
386,Jinchang,8,CN,1552023945,88,38.52,102.19,2.24,3.36
387,Samarai,36,PG,1552023946,99,-10.62,150.67,29.04,5.71
388,Scottsbluff,90,US,1552023915,100,41.87,-103.67,-1.67,3.36
389,Hays,75,US,1552023931,92,38.88,-99.33,-1,2.1
390,Roura,0,GF,1552023000,94,4.73,-52.33,22,0.5
391,La Orilla,0,MX,1552023947,100,18,-102.23,21.32,0.91
392,Ulety,0,RU,1552023947,33,51.36,112.48,-1.94,4.51
393,Borazjan,0,IR,1552021200,67,29.27,51.21,16,2.1
394,Saurimo,92,AO,1552023948,99,-9.66,20.4,17.59,2.76
395,Tornio,90,FI,1552023687,100,61.12,27.27,2,4.6
396,Rio Grande,24,BR,1552023939,92,-32.03,-52.1,24.32,4.71
397,Maniitsoq,32,GL,1552023948,65,65.42,-52.9,-6.29,5.01
398,Bilibino,68,RU,1552023948,91,68.06,166.44,-12.44,1.06
399,Kununurra,40,AU,1552023000,21,-15.77,128.74,40,5.1
400,Salalah,0,OM,1552020600,13,17.01,54.1,29,6.2
401,Havre-Saint-Pierre,20,CA,1552021200,49,50.23,-63.6,-16,9.3
402,Grindavik,0,IS,1552023556,73,63.84,-22.43,-2,5.1
403,Skjervoy,0,NO,1552020600,65,70.03,20.97,-14,7.7
404,Calamar,92,CO,1552023950,97,1.96,-72.65,22.29,0.71
405,Batagay-Alyta,48,RU,1552023950,76,67.8,130.41,-12.61,1.51
406,Hami,0,CN,1552023950,60,42.84,93.51,11.97,0.26
407,Mandalgovi,48,MN,1552023951,84,45.76,106.27,2.62,6.01
408,Roswell,1,US,1552023835,26,33.39,-104.52,21,5.36
409,Polunochnoye,20,RU,1552023951,72,60.87,60.43,-6.51,4.66
410,Lagoa,0,PT,1552023731,87,37.14,-8.45,10,1.5
411,Sao Filipe,0,CV,1552023952,95,14.9,-24.5,21.32,8.11
412,Vermillion,90,US,1552023936,85,42.78,-96.93,-6,2.1
413,Pochutla,5,MX,1552023071,69,15.74,-96.47,27,2.6
414,Rio Gallegos,20,AR,1552021200,80,-51.62,-69.22,4,9.8
415,Nemuro,40,JP,1552021200,100,43.32,145.57,0,6.2
416,Victor Harbor,0,AU,1552023946,44,-35.55,138.62,25.56,3.6
417,Ponta do Sol,80,BR,1552023954,95,-20.63,-46,18.54,0.96
418,Zhangye,20,CN,1552023954,78,38.94,100.46,6.82,2.96
419,Muyezerskiy,92,RU,1552023954,92,63.93,31.65,-4.94,2.51
420,Kudahuvadhoo,56,MV,1552023954,100,2.67,72.89,27.64,1.51
421,Sulphur Springs,1,US,1552023928,82,33.14,-95.6,18,7.2
422,Beberibe,75,BR,1552023212,94,-4.18,-38.13,26.11,2.6
423,Souillac,90,FR,1552023842,100,45.6,-0.6,8,3.1
424,Inta,76,RU,1552023955,74,66.04,60.13,-8.54,4.46
425,Warrenton,88,ZA,1552023956,86,-28.11,24.85,18.89,1.31
426,East Wenatchee Bench,1,US,1552023935,85,47.43,-120.28,-2,1.16
427,Nova Vicosa,88,BR,1552023956,85,-17.89,-39.37,26.72,1.11
428,Padang,20,ID,1552021200,70,-0.92,100.36,31,4.1
429,Port Hardy,20,CA,1552021200,86,50.7,-127.42,-2,2.6
430,Emerald,40,AU,1552023840,36,-23.53,148.16,34,6.2
431,Nara,40,JP,1552023870,34,34.68,135.8,12,4.6
432,Kyzyl-Suu,64,KG,1552023808,86,42.34,78,-13.89,0.86
433,Iwaki,75,JP,1552023202,51,37.05,140.89,9.44,7.2
434,Fernley,90,US,1552023909,74,39.61,-119.25,6,3.6
435,Dillon,1,US,1552023075,73,45.22,-112.64,-4,1.86
436,Mehamn,40,NO,1552022400,85,71.03,27.85,-7,5.7
437,Carahue,0,CL,1552021200,87,-38.71,-73.16,11,3.1
438,Santa Luzia,0,BR,1552021200,77,-19.77,-43.85,21,2.1
439,Conde,92,BR,1552023960,81,-11.81,-37.61,27.39,2.41
440,Luwuk,56,ID,1552023961,80,-0.95,122.79,29.19,2.01
441,Berea,75,US,1552023956,62,41.37,-81.85,-6,1.5
442,Puerto Escondido,5,MX,1552020000,69,15.86,-97.07,27,2.6
443,Bukan,56,IR,1552023962,65,36.52,46.21,2.72,1.86
444,Kawalu,8,ID,1552023962,95,-7.38,108.21,24.12,1.31
445,Takoradi,24,GH,1552023962,100,4.89,-1.75,27.39,2.56
446,Ahipara,20,NZ,1552021564,100,-35.17,173.16,20.56,3.61
447,Jambi,12,ID,1552023963,78,-1.6,103.62,31.37,1.76
448,Maragogi,80,BR,1552023963,100,-9.01,-35.22,23.59,1.06
449,Denpasar,92,ID,1552021200,83,-8.65,115.22,28,7.7
450,Leh,20,IN,1552023963,82,34.16,77.58,-18.71,0.01
451,Vila Velha,75,BR,1552023491,94,-3.71,-38.6,26.11,2.6
452,Dolores,36,AR,1552023964,73,-36.31,-57.68,16.99,7.16
453,Rudnyy,0,KZ,1552023000,66,52.96,63.12,-11,2
454,Mount Gambier,90,AU,1552021200,49,-37.83,140.78,20,3.1
455,Libreville,20,GA,1552021200,88,0.39,9.45,26,2.6
456,Makokou,12,GA,1552023965,97,0.56,12.85,21.94,1.16
457,Sept-Iles,40,CA,1552023070,53,50.2,-66.38,-17.22,2.6
458,Palestina,75,EC,1552023175,78,-1.63,-79.98,27,0.5
459,Viedma,0,AR,1552023966,63,-40.81,-62.99,12.14,4.76
460,Hanzhong,88,CN,1552023966,84,33.08,107.03,6.87,1.41
461,Meulaboh,0,ID,1552023966,99,4.14,96.13,29.82,0.91
462,Partyzany,0,UA,1552023966,94,45.14,35.15,7.32,5.46
463,Mokrous,0,RU,1552023966,75,51.24,47.51,-11.01,3.56
464,Trapani,0,IT,1552023941,87,38.02,12.54,13.89,5.7
465,Loudi,80,CN,1552023967,100,27.73,112,9.49,2.86
466,Calabozo,0,VE,1552023967,63,8.92,-67.43,25.62,6.26
467,Quatre Cocos,40,MU,1552023843,66,-20.21,57.76,30,1.5
468,Senneterre,1,CA,1552021200,77,48.39,-77.24,-18,3.6
469,Kantunilkin,40,MX,1552023786,78,21.1,-87.49,23,3.1
470,Honningsvag,40,NO,1552022400,79,70.98,25.97,-7,1.5
471,Ekibastuz,80,KZ,1552023969,100,51.72,75.32,-3.39,3.46
472,Marondera,12,ZW,1552023969,81,-18.19,31.55,18.84,1.96
473,,,,,,,,,
474,Hernani,75,ES,1552023949,87,43.27,-1.98,11,1.51
475,Rawson,0,AR,1552023816,81,-43.3,-65.11,5.04,0.86
476,Keti Bandar,68,PK,1552023970,95,24.14,67.45,22.94,3.31
477,Tynda,0,RU,1552023970,49,55.15,124.74,-5.81,4.01
478,Siddapur,0,IN,1552023970,28,13.66,74.91,32.99,0.76
479,Rovinj,40,HR,1552023798,81,45.08,13.64,13,1.5
480,Nabire,80,ID,1552023904,89,-3.36,135.5,24.19,0.66
481,Zonguldak,0,TR,1552022280,80,41.25,31.83,6.11,2.1
482,Mountain Home,90,US,1552023764,100,43.13,-115.69,4,2.6
483,Shelburne,1,CA,1552023963,91,44.08,-80.2,-12.22,1
484,Khani,75,GE,1552023000,93,41.96,42.96,8,1.5
485,Inongo,80,CD,1552023972,99,-1.93,18.29,22.14,1.36
486,Tubuala,20,PA,1552021238,69,9.52,-79.03,26,2.1
487,Luebo,92,CD,1552023972,100,-5.35,21.42,21.87,1.06
488,Mareeba,40,AU,1552023799,79,-16.99,145.42,29.44,3.6
489,Biharamulo,80,TZ,1552023973,95,-2.64,31.31,17.49,1.81
490,Hun,75,BE,1552023937,93,50.34,4.87,6,5.7
491,Sierpc,0,PL,1552023973,75,52.85,19.67,5.94,7.06
492,Broome,0,GB,1552023964,89,52.47,1.45,3.89,3.6
493,Manacapuru,0,BR,1552021200,83,-3.3,-60.62,26,2.1
494,Kahramanmaras,0,TR,1552023600,51,37.58,36.93,7.78,2.1
495,Saint-Joseph,0,FR,1552023944,57,43.56,6.97,10.56,1
496,Ulladulla,0,AU,1552023950,48,-35.36,150.48,28.33,7.2
497,Lashio,76,MM,1552023975,75,22.93,97.75,21.97,1.16
498,Batagay,80,RU,1552023975,82,67.65,134.64,-13.86,1.81
499,Sorong,56,ID,1552023975,100,-0.86,131.25,27.32,2.06
500,Sibolga,56,ID,1552023976,66,1.74,98.78,28.94,0.31
501,Huilong,92,CN,1552023976,91,28.89,110.18,6.14,1.51
502,Sarh,20,TD,1552023976,57,9.14,18.39,23.79,1.51
503,Changji,44,CN,1552023976,57,32.07,116.17,12.44,4.51
504,Doha,0,QA,1552021200,48,25.29,51.53,19,3.1
505,Chalmette,40,US,1552023970,82,29.94,-89.96,15.56,5.16
506,Nabha,24,IN,1552023977,56,30.37,76.15,21.89,0.71
507,Bluefield,90,US,1552023686,74,37.27,-81.22,0.56,1.5
508,Puerto Baquerizo Moreno,48,EC,1552023977,99,-0.9,-89.6,25.97,7.26
509,Wynyard,44,CA,1552023978,85,51.77,-104.18,-10.94,3.56
510,Dakoro,8,NE,1552023978,30,14.51,6.76,21.37,4.76
511,Kuzino,76,RU,1552023978,68,57.02,59.44,-8.41,5.36
512,Santiago del Estero,12,AR,1552023978,96,-27.8,-64.26,24.07,1.61
513,Kavaratti,0,IN,1552023979,100,10.57,72.64,27.54,2.56
514,Campeche,5,MX,1552020240,88,19.84,-90.54,22,4.66
515,Beringovskiy,88,RU,1552023979,91,63.05,179.32,-4.64,11.06
516,Muriwai Beach,68,NZ,1552023976,93,-36.82,174.45,18.33,2.6
517,Inirida,64,CO,1552023980,96,3.87,-67.92,23.12,0.71
518,The Valley,40,AI,1552023914,69,18.22,-63.06,25,5.7
519,Yablonovo,0,RU,1552023000,94,50.85,37.36,2,8
520,San Cristobal,75,EC,1552023085,93,-0.39,-78.55,13,1
521,Kabanjahe,20,ID,1552021200,75,3.1,98.49,32,4.6
522,Asyut,0,EG,1552023981,73,27.18,31.19,10.12,1.36
523,Maceio,75,BR,1552021200,88,-9.67,-35.74,25,3.1
524,Husavik,0,CA,1552023872,84,50.56,-96.99,-15,2.24
525,Paita,36,PE,1552023982,86,-5.09,-81.11,22.22,1.11
526,Makamba,20,BI,1552023982,97,-4.13,29.8,19.19,1.86
527,Manama,0,AE,1552021200,60,25.33,56.02,22,4.1
528,Biak,56,ID,1552023982,80,-0.91,122.88,29.19,2.01
529,Huanren,0,CN,1552023983,36,41.26,125.37,9.64,3.01
530,Okhotsk,0,RU,1552023983,83,59.36,143.24,-6.96,1.81
531,Flin Flon,0,CA,1552023983,64,54.77,-101.88,-18.14,1.41
532,Zhoukou,12,CN,1552023983,50,33.63,114.64,13.94,3.36
533,Ucluelet,0,CA,1552023626,94,48.94,-125.55,-0.57,0.76
534,Temyasovo,0,RU,1552023000,51,52.99,58.1,-11,2
535,Kontagora,12,NG,1552023984,90,10.4,5.47,21.49,2.41
536,Kiunga,24,PG,1552023984,83,-6.12,141.3,27.64,0.41
537,Bayan,88,MN,1552023985,40,47.25,107.54,0.59,4.01
538,Agua Dulce,0,MX,1552023985,95,18.14,-94.15,23.34,3.21
539,Oussouye,0,SN,1552023985,74,12.49,-16.54,19.47,6.56
540,Lexington,90,US,1552023984,76,38.05,-84.5,1.11,3.41
541,Imbituba,40,BR,1552021200,88,-28.24,-48.67,26,2.6
542,Punto Fijo,8,VE,1552023986,80,11.69,-70.21,24.54,7.06
543,Jining,88,CN,1552023986,42,35.41,116.58,13.04,4.21
544,Rome,20,IT,1552023784,87,41.89,12.48,13,2.1
